step,epoch,status,loss,loss_pred,loss_sigreg,z_std,z_mean_abs,lr,nan_rate,recoveries,wallclock_s,val_L_pred,val_L_identity,val_pred_vs_identity_ratio
20,0,ok,1.3697359561920166,0.32195478677749634,11.642011642456055,0.4830096662044525,0.08035507798194885,4.95129120635556e-05,0.0,0,30.950292825698853,,,
40,0,ok,1.1654555797576904,0.3525252342224121,9.032559394836426,0.5539951920509338,0.05543670430779457,4.785350472409792e-05,0.0,0,62.80939793586731,,,
60,0,ok,1.0115634202957153,0.3556220233440399,7.28823709487915,0.6047548055648804,0.04042598232626915,4.509551399408598e-05,0.0,0,94.7416660785675,,,
80,0,ok,0.9247000217437744,0.34304359555244446,6.462848663330078,0.6436701416969299,0.030849069356918335,4.137151834863213e-05,0.0,0,127.06595396995544,,,
100,0,ok,0.8756409883499146,0.3266338109970093,6.100079536437988,0.6708385348320007,0.025114016607403755,3.686053277086401e-05,0.0,0,159.80317997932434,,,
120,0,ok,0.7707896828651428,0.2823539972305298,5.42706298828125,0.6908800005912781,0.022322552278637886,3.177940338091043e-05,0.0,0,191.85281777381897,,,
