resolution,epoch,effective_rank,ksg_mi_nats,linear_probe_r2,mlp_probe_r2,twonn_dim,val_L_pred,val_L_identity,val_pred_vs_identity_ratio
128,4,11.46224833864307,3.6350185220182016,0.8085072121210949,0.810227090056754,0.15440491820061575,0.0372704690349538,0.003730418930716,9.990960727780628
128,9,14.453727930741152,3.4676770621083453,0.8115661071264934,0.8013946493648256,0.16503906108523858,0.0330230576708549,0.0014941786336655,22.101144352360024
128,19,19.488649165488958,3.430650585037654,0.8087113293754351,0.7993453861498384,0.18068916577140084,0.0179207940581368,0.0006995720487363,25.61679542587183
128,39,23.07888318558933,3.4010557163843584,0.8067508811589308,0.8009375714747492,0.18691806113996728,0.013940415304245,0.0004120133946494,33.83485946155754
128,69,27.082852289495943,3.396725378188389,0.8063082088772364,0.7985034087223344,0.1963452550769002,0.0088708312466468,0.0004460174270721,19.888979013394938
128,99,27.49701146019563,3.3940119579829098,0.8058879856630573,0.7979027846789696,0.19588593012556024,0.0083986328408212,0.0004397157226528,19.10014222405419
