resolution,epoch,effective_rank,ksg_mi_nats,linear_probe_r2,mlp_probe_r2,twonn_dim,val_L_pred,val_L_identity,val_pred_vs_identity_ratio
64,4,8.801137843934267,3.1964208351765455,0.6735207796720717,0.8648488437798688,0.14285021466260667,165.39903720762672,0.046075903707888,3589.707936196395
64,9,11.287018795078842,3.3689723492515267,0.7525852371681422,0.8765171957760001,0.14923595050492797,5.725224322342291,0.0358223675845599,159.82261107749773
64,19,13.670829517018834,3.443614611717334,0.7905465949712968,0.8879069793083678,0.1504291476736051,1.7034089947909845,0.0318167214895167,53.53816845498179
64,39,15.961635833993268,3.6738327017748924,0.819259049506119,0.887285533191123,0.14557842876692006,0.5843014055345117,0.0201316355786672,29.024040458673635
64,69,21.71363411415175,3.815102534770907,0.8437684708509946,0.888610798013845,0.15330120238842385,0.0318597253139426,0.0136033749371403,2.342045665958834
64,99,28.05021987152889,3.911844924558226,0.8542538896237715,0.8861947877803562,0.15312678888939965,0.0087265651055225,0.012037624947545,0.7249407705879952
