{
  "ckpt": "runs/sweep_traj100/reacher/img128/ckpt_epoch19.pt",
  "h5": "data/reacher_weakpolicy_n500_T60_img128.h5",
  "n_samples": 2000,
  "stride": 5,
  "image_size": 128,
  "patch_size": 8,
  "env": "reacher",
  "Z_dim": 192,
  "state_dim": 6,
  "metrics": {
    "latent_effective_rank_pr": 19.488649165488958,
    "latent_twonn_intrinsic_dim": 0.18068916577140084,
    "env_state_twonn_intrinsic_dim": 3.8657712866577416,
    "env_state_effective_rank_pr": 4.065399052044219,
    "mi_z_envstate_nats": 3.430650585037654,
    "probe_linear_r2": 0.8087113293754351,
    "probe_linear_r2_per_dim": [
      0.9563229988341001,
      0.9263671619099444,
      0.9163947384315111,
      0.8838134783639876,
      0.6884661825014631,
      0.4809034162116045
    ],
    "probe_mlp_r2": 0.7993453861498384,
    "probe_mlp_r2_per_dim": [
      0.9505510513464945,
      0.9230255016146575,
      0.904320051073434,
      0.8695806125742215,
      0.675922578395307,
      0.4726725218949156
    ],
    "mi_z_znext_nats": 5.237558453140183
  }
}