{
  "ckpt": "runs/sweep_traj100/reacher/img128/ckpt_epoch99.pt",
  "h5": "data/reacher_weakpolicy_n500_T60_img128.h5",
  "n_samples": 2000,
  "stride": 5,
  "image_size": 128,
  "patch_size": 8,
  "env": "reacher",
  "Z_dim": 192,
  "state_dim": 6,
  "metrics": {
    "latent_effective_rank_pr": 27.49701146019563,
    "latent_twonn_intrinsic_dim": 0.19588593012556024,
    "env_state_twonn_intrinsic_dim": 3.8657712866577416,
    "env_state_effective_rank_pr": 4.065399052044219,
    "mi_z_envstate_nats": 3.3940119579829098,
    "probe_linear_r2": 0.8058879856630573,
    "probe_linear_r2_per_dim": [
      0.9566368934333735,
      0.9275708784378895,
      0.9144051889234617,
      0.8774194706970019,
      0.6856115448424999,
      0.4736839376441174
    ],
    "probe_mlp_r2": 0.7979027846789696,
    "probe_mlp_r2_per_dim": [
      0.9518448713799754,
      0.9236401413655169,
      0.9128015383115147,
      0.866959343605319,
      0.6765432673021874,
      0.4556275461093039
    ],
    "mi_z_znext_nats": 5.243469016182269
  }
}