{
  "ckpt": "runs/sweep_traj100/reacher/img128/ckpt_epoch9.pt",
  "h5": "data/reacher_weakpolicy_n500_T60_img128.h5",
  "n_samples": 2000,
  "stride": 5,
  "image_size": 128,
  "patch_size": 8,
  "env": "reacher",
  "Z_dim": 192,
  "state_dim": 6,
  "metrics": {
    "latent_effective_rank_pr": 14.453727930741152,
    "latent_twonn_intrinsic_dim": 0.16503906108523858,
    "env_state_twonn_intrinsic_dim": 3.8657712866577416,
    "env_state_effective_rank_pr": 4.065399052044219,
    "mi_z_envstate_nats": 3.4676770621083453,
    "probe_linear_r2": 0.8115661071264934,
    "probe_linear_r2_per_dim": [
      0.9578720998781605,
      0.9182671008209333,
      0.9147726409592922,
      0.8996680894352227,
      0.6925864853290988,
      0.4862302263362521
    ],
    "probe_mlp_r2": 0.8013946493648256,
    "probe_mlp_r2_per_dim": [
      0.957585430413476,
      0.9147654669682397,
      0.9082848886295195,
      0.8853903812923175,
      0.6707514771284107,
      0.47159025175699043
    ],
    "mi_z_znext_nats": 5.17383731140918
  }
}