{
  "ckpt": "runs/sweep_traj100/reacher/img128/ckpt_epoch4.pt",
  "h5": "data/reacher_weakpolicy_n500_T60_img128.h5",
  "n_samples": 2000,
  "stride": 5,
  "image_size": 128,
  "patch_size": 8,
  "env": "reacher",
  "Z_dim": 192,
  "state_dim": 6,
  "metrics": {
    "latent_effective_rank_pr": 11.46224833864307,
    "latent_twonn_intrinsic_dim": 0.15440491820061575,
    "env_state_twonn_intrinsic_dim": 3.8657712866577416,
    "env_state_effective_rank_pr": 4.065399052044219,
    "mi_z_envstate_nats": 3.6350185220182016,
    "probe_linear_r2": 0.8085072121210949,
    "probe_linear_r2_per_dim": [
      0.944467813880937,
      0.9036142501533686,
      0.9129856528198992,
      0.9016738584560633,
      0.6990150002239632,
      0.48928669719233775
    ],
    "probe_mlp_r2": 0.810227090056754,
    "probe_mlp_r2_per_dim": [
      0.950862879410014,
      0.9262974349634479,
      0.9123220852393419,
      0.8944503893957171,
      0.6772459762948562,
      0.5001837750371476
    ],
    "mi_z_znext_nats": 5.245989829052114
  }
}