{
  "ckpt": "runs/sweep_traj100/reacher/img64/ckpt_epoch99.pt",
  "h5": "data/reacher_weakpolicy_n500_T60.h5",
  "n_samples": 2000,
  "stride": 5,
  "image_size": 64,
  "patch_size": 4,
  "env": "reacher",
  "Z_dim": 192,
  "state_dim": 6,
  "metrics": {
    "latent_effective_rank_pr": 28.05021987152889,
    "latent_twonn_intrinsic_dim": 0.15312678888939965,
    "env_state_twonn_intrinsic_dim": 3.8657712866577416,
    "env_state_effective_rank_pr": 4.065399052044219,
    "mi_z_envstate_nats": 3.911844924558226,
    "probe_linear_r2": 0.8542538896237715,
    "probe_linear_r2_per_dim": [
      0.9752105670628699,
      0.9459456711975243,
      0.9584212844546659,
      0.9588420092431785,
      0.7402500097492811,
      0.5468537960351094
    ],
    "probe_mlp_r2": 0.8861947877803562,
    "probe_mlp_r2_per_dim": [
      0.9954557518953633,
      0.979940371468932,
      0.9830730913215022,
      0.9858505731044295,
      0.799040459582317,
      0.5738084793095934
    ],
    "mi_z_znext_nats": 5.872433248990562
  }
}