{
  "ckpt": "runs/sweep_traj100/reacher/img64/ckpt_epoch69.pt",
  "h5": "data/reacher_weakpolicy_n500_T60.h5",
  "n_samples": 2000,
  "stride": 5,
  "image_size": 64,
  "patch_size": 4,
  "env": "reacher",
  "Z_dim": 192,
  "state_dim": 6,
  "metrics": {
    "latent_effective_rank_pr": 21.71363411415175,
    "latent_twonn_intrinsic_dim": 0.15330120238842385,
    "env_state_twonn_intrinsic_dim": 3.8657712866577416,
    "env_state_effective_rank_pr": 4.065399052044219,
    "mi_z_envstate_nats": 3.815102534770907,
    "probe_linear_r2": 0.8437684708509946,
    "probe_linear_r2_per_dim": [
      0.9669751469867678,
      0.936121928860629,
      0.9527411510221508,
      0.9391169766648038,
      0.7337981308549717,
      0.5338574907166451
    ],
    "probe_mlp_r2": 0.888610798013845,
    "probe_mlp_r2_per_dim": [
      0.9958076914302133,
      0.9777547775746601,
      0.9861317740624279,
      0.9868030646072535,
      0.807209674018146,
      0.5779578063903694
    ],
    "mi_z_znext_nats": 5.89746696380516
  }
}