{
  "ckpt": "runs/sweep_traj100/reacher/img64/ckpt_epoch9.pt",
  "h5": "data/reacher_weakpolicy_n500_T60.h5",
  "n_samples": 2000,
  "stride": 5,
  "image_size": 64,
  "patch_size": 4,
  "env": "reacher",
  "Z_dim": 192,
  "state_dim": 6,
  "metrics": {
    "latent_effective_rank_pr": 11.287018795078842,
    "latent_twonn_intrinsic_dim": 0.14923595050492797,
    "env_state_twonn_intrinsic_dim": 3.8657712866577416,
    "env_state_effective_rank_pr": 4.065399052044219,
    "mi_z_envstate_nats": 3.3689723492515267,
    "probe_linear_r2": 0.7525852371681422,
    "probe_linear_r2_per_dim": [
      0.856906219695913,
      0.6932494102664051,
      0.8805739174006173,
      0.8740607561631477,
      0.6832629414357307,
      0.5274581780470387
    ],
    "probe_mlp_r2": 0.8765171957760001,
    "probe_mlp_r2_per_dim": [
      0.9644931540304352,
      0.9449791850530881,
      0.9672964549217419,
      0.9741672645549617,
      0.8094465514542486,
      0.5987205646415247
    ],
    "mi_z_znext_nats": 5.831864804232879
  }
}