{
  "ckpt": "runs/sweep_traj100/reacher/img64/ckpt_epoch39.pt",
  "h5": "data/reacher_weakpolicy_n500_T60.h5",
  "n_samples": 2000,
  "stride": 5,
  "image_size": 64,
  "patch_size": 4,
  "env": "reacher",
  "Z_dim": 192,
  "state_dim": 6,
  "metrics": {
    "latent_effective_rank_pr": 15.961635833993268,
    "latent_twonn_intrinsic_dim": 0.14557842876692006,
    "env_state_twonn_intrinsic_dim": 3.8657712866577416,
    "env_state_effective_rank_pr": 4.065399052044219,
    "mi_z_envstate_nats": 3.6738327017748924,
    "probe_linear_r2": 0.819259049506119,
    "probe_linear_r2_per_dim": [
      0.9413249378351951,
      0.9043280706959518,
      0.9145257203779923,
      0.9228756530705098,
      0.7090565979977055,
      0.5234433170593599
    ],
    "probe_mlp_r2": 0.887285533191123,
    "probe_mlp_r2_per_dim": [
      0.9923334090155628,
      0.9805389845511269,
      0.9827158762702407,
      0.9826024053197473,
      0.8037465300540123,
      0.5817759939360476
    ],
    "mi_z_znext_nats": 5.883834874381108
  }
}