{
  "ckpt": "runs/sweep_traj100/reacher/img64/ckpt_epoch4.pt",
  "h5": "data/reacher_weakpolicy_n500_T60.h5",
  "n_samples": 2000,
  "stride": 5,
  "image_size": 64,
  "patch_size": 4,
  "env": "reacher",
  "Z_dim": 192,
  "state_dim": 6,
  "metrics": {
    "latent_effective_rank_pr": 8.801137843934267,
    "latent_twonn_intrinsic_dim": 0.14285021466260667,
    "env_state_twonn_intrinsic_dim": 3.8657712866577416,
    "env_state_effective_rank_pr": 4.065399052044219,
    "mi_z_envstate_nats": 3.1964208351765455,
    "probe_linear_r2": 0.6735207796720717,
    "probe_linear_r2_per_dim": [
      0.7282134786905141,
      0.5877017669249969,
      0.8037613113370958,
      0.8202502400290423,
      0.6172371145529425,
      0.48396076649783804
    ],
    "probe_mlp_r2": 0.8648488437798688,
    "probe_mlp_r2_per_dim": [
      0.9312636473679432,
      0.9339079075817498,
      0.960531248098321,
      0.9723057407935234,
      0.8013580224486393,
      0.5897264963890367
    ],
    "mi_z_znext_nats": 5.749599540746851
  }
}